{
  "dashboard": {
    "philosophers": {
      "NIETZSCHE": {
        "first_order_coherence": 0.6668516950079624,
        "second_order_coherence": 0.95,
        "determiner_frequency": 0.01,
        "max_phrase_length": 100,
        "avg_sentence_length": 26.14,
        "syntactic_complexity": 0.5285333333333334,
        "temporal_coherence": 0.7,
        "coherence_decay_rate": 0.1,
        "color": "#00FF00"
      },
      "HUME": {
        "first_order_coherence": 0.5704364928647582,
        "second_order_coherence": 0.95,
        "determiner_frequency": 0.01,
        "max_phrase_length": 100,
        "avg_sentence_length": 16.63,
        "syntactic_complexity": 0.4017333333333334,
        "temporal_coherence": 0.7,
        "coherence_decay_rate": 0.1,
        "color": "#888888"
      },
      "KANT": {
        "first_order_coherence": 0.5809224826733124,
        "second_order_coherence": 0.95,
        "determiner_frequency": 0.01,
        "max_phrase_length": 100,
        "avg_sentence_length": 16.84,
        "syntactic_complexity": 0.4045333333333334,
        "temporal_coherence": 0.7,
        "coherence_decay_rate": 0.1,
        "color": "#FFFFFF"
      }
    },
    "stats": {
      "highest_coherence": "NIETZSCHE",
      "highest_coherence_value": 0.6668516950079624,
      "most_complex_syntax": "NIETZSCHE",
      "most_complex_value": 0.5285333333333334,
      "highest_determiner_use": "NIETZSCHE",
      "highest_determiner_value": 0.01,
      "most_stable": "NIETZSCHE",
      "most_stable_value": 1.0,
      "highest_second_order": 0.95
    },
    "timestamp": "2025-06-06T18:31:05.684129"
  },
  "temporal": {
    "NIETZSCHE": {
      "coherence_timeline": [
        0.384842654709326,
        0.37445594551601796,
        0.4774367469125591,
        0.6023817876189302,
        0.6972996038799204,
        0.6520909197373018,
        0.6406997326778339,
        0.7614133186773511,
        0.4659903034644944,
        0.4699662732866724,
        0.529384637949956,
        0.59784478234008,
        0.620278753435917,
        0.6459931732096584,
        0.5903459437033296,
        0.45731920513955965,
        0.6356930355345479,
        0.6123748898442865,
        0.405696803242328,
        0.46015299913161933,
        0.5760535277300053,
        0.5422144255565848,
        0.5153139273789538,
        0.40970351550345147,
        0.6190496297374636,
        0.3403582377129953,
        0.5291011297418383,
        0.48156169156452416,
        0.6311219308970225,
        0.28969817464325937,
        0.3781227223671915,
        0.581323936300782,
        0.6545199493288559,
        0.5419504389063828,
        0.66634065363694,
        0.47524484640242676,
        0.5901168582902256,
        0.6075114513565564,
        0.5329975529610272,
        0.7523148060760575,
        0.42755616960482246,
        0.5172417727921704,
        0.38646894100991147,
        0.5407094771023649,
        0.554978349312821,
        0.46240297231617183,
        0.346467194644693,
        0.4705153792707905,
        0.5817905525633832,
        0.5733685990028969,
        0.45360400314623595,
        0.36191130523211584,
        0.41736340840228553,
        0.4232354523954928,
        0.46693678356006285,
        0.4211999999131953,
        0.43031032449997814,
        0.4356605620809847,
        0.3259175753742411,
        0.32645558053441603
      ],
      "avg_coherence": 0.5120062553143877,
      "volatility": 0.11038431680586332,
      "peak_coherence": 0.7614133186773511,
      "min_coherence": 0.28969817464325937,
      "coherent_segments": 15,
      "trend": -0.0023321925574316354,
      "color": "#00FF00"
    },
    "HUME": {
      "coherence_timeline": [
        0.3876457839004155,
        0.44091492041752806,
        0.5561390542268874,
        0.5556118430825244,
        0.6567005284581183,
        0.5402574072456118,
        0.6330362935212119,
        0.5687909404196638,
        0.44735353955517415,
        0.5257225739503187,
        0.55733349131385,
        0.6179921903713567,
        0.6431954981425396,
        0.5086848566493367,
        0.5524919244314883,
        0.6274292380703823,
        0.38654845362418716,
        0.47960502412693756,
        0.4162126107521636,
        0.5517065358753351,
        0.6245176290170148,
        0.4770719713469066,
        0.584376367589344,
        0.4888597451801892,
        0.5673002918908688,
        0.5333599024597645,
        0.5541619956057373,
        0.6087977088870687,
        0.48852366624749455,
        0.4698804252335928,
        0.5233994359822464,
        0.5831940571226731,
        0.44696145599336623,
        0.48484075788861664,
        0.47453480558238903,
        0.5151343215637455,
        0.6059713341269329,
        0.4506546661906956,
        0.5523995173707528,
        0.5152029446656429,
        0.5082289578027952,
        0.5531999541863644,
        0.4214739063326184,
        0.5457043642395456,
        0.47530582668236904,
        0.723104463384622,
        0.5833545507071607,
        0.5091268013510977,
        0.4968431366284321,
        0.44186589627571793,
        0.484514727330711,
        0.5217297282810242,
        0.23868266295168855,
        0.45348155833255094,
        0.5457276462334776,
        0.4747021401518046,
        0.4016912863665837,
        0.37489558022497377,
        0.6019809167682297,
        0.5350797336328217
      ],
      "avg_coherence": 0.5182201590990778,
      "volatility": 0.08060194329238247,
      "peak_coherence": 0.723104463384622,
      "min_coherence": 0.23868266295168855,
      "coherent_segments": 10,
      "trend": -0.001101443563628436,
      "color": "#00FF00"
    },
    "KANT": {
      "coherence_timeline": [
        0.3581589466168108,
        0.47338410368258416,
        0.4967111932298172,
        0.6474655815329488,
        0.40449739822357483,
        0.5372378918681621,
        0.5853133244477025,
        0.5448237515861621,
        0.6912670883383168,
        0.475469761186132,
        0.4764006534658129,
        0.5752550598326346,
        0.43800749484800416,
        0.6653211074738038,
        0.5384845302144826,
        0.582955393156454,
        0.554681839205176,
        0.6118904040810211,
        0.42716459768295745,
        0.38995282139781545,
        0.440686263334956,
        0.45312343627756724,
        0.4388112246708867,
        0.5073434207499856,
        0.397859714474861,
        0.4236336106892085,
        0.4768881122035078,
        0.41183688031711707,
        0.17621771900670657,
        0.48748120032424175,
        0.3005979060887856,
        0.6918747974858963,
        0.6318949584074081,
        0.44558203909265526,
        0.6129139860471916,
        0.5333177762026597,
        0.6437452015797838,
        0.5065960810755257,
        0.5977986715102768,
        0.5592343118514888,
        0.5957160308096249,
        0.6457191142834917,
        0.4079924822286789,
        0.5504803611173124,
        0.6341131659941491,
        0.4140314717073479,
        0.4411642098595254,
        0.5565539468600583,
        0.43657205452301473,
        0.3680079518798454,
        0.5395347154692418,
        0.31683008733407014,
        0.5093036826503459,
        0.38442237889836656,
        0.5001750551664371,
        0.40223537748291993,
        0.5597056957578149,
        0.47956504331130845,
        0.33100795147493506,
        0.3612919619661841
      ],
      "avg_coherence": 0.49410504987059584,
      "volatility": 0.10524574847542069,
      "peak_coherence": 0.6918747974858963,
      "min_coherence": 0.17621771900670657,
      "coherent_segments": 10,
      "trend": -0.001052466827439855,
      "color": "#00FF00"
    }
  },
  "network": {
    "nodes": [],
    "links": [],
    "metadata": {
      "total_concepts": 0,
      "total_relationships": 0,
      "density": 0
    }
  }
}