{
  "dashboard": {
    "philosophers": {
      "NIETZSCHE": {
        "first_order_coherence": 0.6668516950079624,
        "second_order_coherence": 0.95,
        "determiner_frequency": 0.01,
        "max_phrase_length": 100,
        "avg_sentence_length": 26.14,
        "syntactic_complexity": 0.5285333333333334,
        "temporal_coherence": 0.7,
        "coherence_decay_rate": 0.1,
        "color": "#00FF00"
      },
      "HUME": {
        "first_order_coherence": 0.5704364928647582,
        "second_order_coherence": 0.95,
        "determiner_frequency": 0.01,
        "max_phrase_length": 100,
        "avg_sentence_length": 16.63,
        "syntactic_complexity": 0.4017333333333334,
        "temporal_coherence": 0.7,
        "coherence_decay_rate": 0.1,
        "color": "#888888"
      },
      "KANT": {
        "first_order_coherence": 0.5809224826733124,
        "second_order_coherence": 0.95,
        "determiner_frequency": 0.01,
        "max_phrase_length": 100,
        "avg_sentence_length": 16.84,
        "syntactic_complexity": 0.4045333333333334,
        "temporal_coherence": 0.7,
        "coherence_decay_rate": 0.1,
        "color": "#FFFFFF"
      }
    },
    "stats": {
      "highest_coherence": "NIETZSCHE",
      "highest_coherence_value": 0.6668516950079624,
      "most_complex_syntax": "NIETZSCHE",
      "most_complex_value": 0.5285333333333334,
      "highest_determiner_use": "NIETZSCHE",
      "highest_determiner_value": 0.01,
      "most_stable": "NIETZSCHE",
      "most_stable_value": 1.0,
      "highest_second_order": 0.95
    },
    "timestamp": "2025-06-08T15:22:40.990240"
  },
  "temporal": {
    "NIETZSCHE": {
      "coherence_timeline": [
        0.6326464266634471,
        0.39589324646157037,
        0.47258648316178337,
        0.5538283583421997,
        0.45275972227228745,
        0.5915874825055999,
        0.5974106573034382,
        0.5244227390053617,
        0.6892550771051106,
        0.5086641824062237,
        0.5086406425910015,
        0.3438637918857853,
        0.2830664084717523,
        0.6323704353468672,
        0.47536163207055454,
        0.5479858270250945,
        0.3783396945279001,
        0.6697327614255058,
        0.34323973500920063,
        0.4328075326226133,
        0.569093516368096,
        0.2553606925215117,
        0.4282924057852151,
        0.5597708952224656,
        0.5305121616713452,
        0.429800544865557,
        0.4655843425516588,
        0.42923116815073464,
        0.6809848489146582,
        0.49564435279754454,
        0.4184360862259034,
        0.49044172971281275,
        0.5676609801400868,
        0.641557347410506,
        0.4802063968849464,
        0.513982246618238,
        0.6990689763636821,
        0.475714029962162,
        0.6938629411452498,
        0.6339839130774461,
        0.5985610009146961,
        0.582358161025845,
        0.5558568230091473,
        0.4271979230800738,
        0.5795785610651359,
        0.5557242223263135,
        0.4280848207977122,
        0.4631025969709702,
        0.5500834186680655,
        0.2617798957456884,
        0.47188664468935465,
        0.4321318452244039,
        0.29647849518632713,
        0.34637926536905117,
        0.3216402929631616,
        0.5322786198995321,
        0.4694911606340011,
        0.48343097706597316,
        0.6751547139127765,
        0.3779796272092978
      ],
      "avg_coherence": 0.49838052463917737,
      "volatility": 0.11174526091298789,
      "peak_coherence": 0.6990689763636821,
      "min_coherence": 0.2553606925215117,
      "coherent_segments": 10,
      "trend": -0.0007111337925014728,
      "color": "#00FF00"
    },
    "HUME": {
      "coherence_timeline": [
        0.5143794345802926,
        0.34519059331614044,
        0.6031522128157318,
        0.577472978677651,
        0.6973739485635625,
        0.4657268688892624,
        0.4375957782033919,
        0.4820326940437236,
        0.5356518664825455,
        0.6462103062952401,
        0.6157837901495637,
        0.673518062862426,
        0.3779804413943547,
        0.5024413960638446,
        0.5332640244026664,
        0.5140475081739782,
        0.5787617993241335,
        0.3552663617935507,
        0.5083048111974621,
        0.6508099060648078,
        0.38816510412894534,
        0.5454631239857128,
        0.37619268922677773,
        0.44166221921690835,
        0.6461867767213763,
        0.5812073510438065,
        0.5802854628239844,
        0.45852066063962155,
        0.41576581301035365,
        0.6099410276262306,
        0.7117102734524389,
        0.5613905092692741,
        0.4218339385959974,
        0.6582211091699429,
        0.5636692836922926,
        0.7092351173718495,
        0.5371314715454113,
        0.682481435107517,
        0.498550325755517,
        0.623932684054671,
        0.6183875120179178,
        0.4162049508048716,
        0.4910329548198209,
        0.5486898788734605,
        0.40386800653685034,
        0.44719444885882154,
        0.43333780654737514,
        0.5127493992873049,
        0.6164721769907091,
        0.41262303594203764,
        0.4893771812478801,
        0.532603571581655,
        0.3965507611919571,
        0.4274130955559002,
        0.41636933672381626,
        0.4995136229319395,
        0.4436727171310959,
        0.5548336288795614,
        0.3342986773210987,
        0.5200959909936315
      ],
      "avg_coherence": 0.5190299985661777,
      "volatility": 0.09844561523563099,
      "peak_coherence": 0.7117102734524389,
      "min_coherence": 0.3342986773210987,
      "coherent_segments": 15,
      "trend": -0.0010045077579214198,
      "color": "#00FF00"
    },
    "KANT": {
      "coherence_timeline": [
        0.532294221092988,
        0.42150916134621613,
        0.6063849362141613,
        0.5835127610301464,
        0.5785540214825867,
        0.5703760522194795,
        0.40047680570938565,
        0.6749241369226556,
        0.7776018120892945,
        0.5346430269071493,
        0.5837308445492709,
        0.4276934288218358,
        0.4901591796882573,
        0.6949900782077735,
        0.4913535341901566,
        0.7401549315863258,
        0.5494311436050079,
        0.4477589407465984,
        0.4419941127998621,
        0.3039178353578684,
        0.2694622284856971,
        0.49366885061603294,
        0.5189928886600296,
        0.5414914842866387,
        0.33637602232933295,
        0.3233728703612176,
        0.5086080070351919,
        0.393432040024301,
        0.5059654759721364,
        0.4611770568182936,
        0.5291003701348308,
        0.5844654658169188,
        0.42204087665269646,
        0.5667873285567944,
        0.40398632499103865,
        0.395170257397635,
        0.5690739696666933,
        0.644783843499789,
        0.7063289655685381,
        0.49804639774149795,
        0.43589007613031344,
        0.5741407160248801,
        0.6152772733526383,
        0.40574577325307615,
        0.5745560788423774,
        0.7059268257079003,
        0.520987631977977,
        0.6202221783711405,
        0.49178757132035794,
        0.6517002751200326,
        0.4606038956565064,
        0.4285583982894683,
        0.4751513316909736,
        0.35003530697279306,
        0.4285122804939192,
        0.595207084198701,
        0.36676825581744993,
        0.5697298628280116,
        0.5022996020908405,
        0.4805657872629642
      ],
      "avg_coherence": 0.5129576315764107,
      "volatility": 0.10941551135485905,
      "peak_coherence": 0.7776018120892945,
      "min_coherence": 0.2694622284856971,
      "coherent_segments": 11,
      "trend": -0.000645363315076028,
      "color": "#00FF00"
    }
  },
  "network": {
    "nodes": [
      {
        "id": "reason",
        "label": "REASON",
        "category": "epistemological",
        "philosopher": "Kant",
        "importance": 1.0,
        "frequency": 1425,