{
  "philosophers": {
    "AQUINAS": {
      "first_order_coherence": 0.5124727463317548,
      "second_order_coherence": 0.7477795026143892,
      "determiner_frequency": 0.030039355177423885,
      "max_phrase_length": 20,
      "avg_sentence_length": 20.897346487497874,
      "syntactic_complexity": 0.5386312864999717,
      "temporal_coherence": 0.5124647886091618,
      "coherence_decay_rate": 0.014962210002960597,
      "color": "#888888"
    },
    "ARISTOTLE": {
      "first_order_coherence": 0.6627027416562817,
      "second_order_coherence": 0.8175522642083847,
      "determiner_frequency": 0.027489617543310918,
      "max_phrase_length": 21,
      "avg_sentence_length": 41.762699564586356,
      "syntactic_complexity": 0.8248359941944848,
      "temporal_coherence": 0.6627664051384067,
      "coherence_decay_rate": 0.010457349115354987,
      "color": "#888888"
    },
    "DESCARTES": {
      "first_order_coherence": 0.7353122478528796,
      "second_order_coherence": 0.8449915037595819,
      "determiner_frequency": 0.04025733877802604,
      "max_phrase_length": 23,
      "avg_sentence_length": 68.13123359580052,
      "syntactic_complexity": 1.0,
      "temporal_coherence": 0.7364728099777685,
      "coherence_decay_rate": 0.002795976625079261,
      "color": "#888888"
    },
    "HUME": {
      "first_order_coherence": 0.6641230561098145,
      "second_order_coherence": 0.8172024406922428,
      "determiner_frequency": 0.03281444255721515,
      "max_phrase_length": 22,
      "avg_sentence_length": 32.55929304446978,
      "syntactic_complexity": 0.7101239072595971,
      "temporal_coherence": 0.6644694401520328,
      "coherence_decay_rate": 0.008211418997929333,
      "color": "#888888"
    },
    "JAMES": {
      "first_order_coherence": 0.5827317875270766,
      "second_order_coherence": 0.773845465440924,
      "determiner_frequency": 0.02663682559483407,
      "max_phrase_length": 42,
      "avg_sentence_length": 21.194012441679625,
      "syntactic_complexity": 0.7185868325557283,
      "temporal_coherence": 0.5826902264448435,
      "coherence_decay_rate": 0.018140670478753052,
      "color": "#888888"
    },
    "KANT": {
      "first_order_coherence": 0.7189773653301862,
      "second_order_coherence": 0.836873642746146,
      "determiner_frequency": 0.03252589479981281,
      "max_phrase_length": 13,
      "avg_sentence_length": 36.1494593651901,
      "syntactic_complexity": 0.6859927915358679,
      "temporal_coherence": 0.7190938871677806,
      "coherence_decay_rate": 0.006773448341352301,
      "color": "#FFFFFF"
    },
    "MAIMONIDES": {
      "first_order_coherence": 0.5910635720397821,
      "second_order_coherence": 0.760560879147527,
      "determiner_frequency": 0.01387092280443392,
      "max_phrase_length": 62,
      "avg_sentence_length": 23.166897187644075,
      "syntactic_complexity": 0.904891962501921,
      "temporal_coherence": 0.5910445857654407,
      "coherence_decay_rate": 0.014134821089382799,
      "color": "#888888"
    },
    "NIETZSCHE": {
      "first_order_coherence": 0.6318330826015948,
      "second_order_coherence": 0.7944742033888592,
      "determiner_frequency": 0.026810972314929595,
      "max_phrase_length": 59,
      "avg_sentence_length": 38.2040072859745,
      "syntactic_complexity": 1.0,
      "temporal_coherence": 0.6316242742376417,
      "coherence_decay_rate": 0.012833971378855454,
      "color": "#00FF00"
    },
    "PLATO": {
      "first_order_coherence": 0.5963454950878494,
      "second_order_coherence": 0.7817865972166413,
      "determiner_frequency": 0.029170393456832245,
      "max_phrase_length": 20,
      "avg_sentence_length": 27.9076170869789,
      "syntactic_complexity": 0.6321015611597187,
      "temporal_coherence": 0.5963577957793477,
      "coherence_decay_rate": 0.008327503643372059,
      "color": "#888888"
    }
  },
  "stats": {
    "highest_coherence": "DESCARTES",
    "highest_coherence_value": 0.7353122478528796,
    "most_complex_syntax": "DESCARTES",
    "most_complex_value": 1.0,
    "highest_determiner_use": "DESCARTES",
    "highest_determiner_value": 0.04025733877802604,
    "most_stable": "DESCARTES",
    "most_stable_value": 1.0,
    "highest_second_order": 0.8449915037595819
  },
  "timestamp": "2026-02-24T23:23:52.079455"
}