{
  "philosophers": {
    "PLATO": {
      "first_order_coherence": 0.6444292569044502,
      "second_order_coherence": 0.7797441207336195,
      "determiner_frequency": 0.0277265299667914,
      "max_phrase_length": 20,
      "avg_sentence_length": 29.59594383775351,
      "syntactic_complexity": 0.6546125845033801,
      "temporal_coherence": 0.6447798003241496,
      "coherence_decay_rate": 0.0124409008500862,
      "color": "#888888"
    },
    "AQUINAS": {
      "first_order_coherence": 0.512472746331755,
      "second_order_coherence": 0.7477795026143894,
      "determiner_frequency": 0.0300393551774238,
      "max_phrase_length": 20,
      "avg_sentence_length": 20.89734648749787,
      "syntactic_complexity": 0.5386312864999716,
      "temporal_coherence": 0.5124647886091621,
      "coherence_decay_rate": 0.0149622100029606,
      "color": "#888888"
    },
    "DESCARTES": {
      "first_order_coherence": 0.7353122478528786,
      "second_order_coherence": 0.844991503759582,
      "determiner_frequency": 0.040257338778026,
      "max_phrase_length": 23,
      "avg_sentence_length": 68.13123359580052,
      "syntactic_complexity": 1.0,
      "temporal_coherence": 0.7364728099777677,
      "coherence_decay_rate": 0.0027959766250792,
      "color": "#888888"
    },
    "NIETZSCHE": {
      "first_order_coherence": 0.6318330826015955,
      "second_order_coherence": 0.7944742033888594,
      "determiner_frequency": 0.0268109723149295,
      "max_phrase_length": 59,
      "avg_sentence_length": 38.2040072859745,
      "syntactic_complexity": 1.0,
      "temporal_coherence": 0.6316242742376427,
      "coherence_decay_rate": 0.0128339713788552,
      "color": "#00FF00"
    },
    "ARISTOTLE": {
      "first_order_coherence": 0.6627027416562821,
      "second_order_coherence": 0.8175522642083846,
      "determiner_frequency": 0.0274896175433109,
      "max_phrase_length": 21,
      "avg_sentence_length": 41.76269956458635,
      "syntactic_complexity": 0.8248359941944847,
      "temporal_coherence": 0.6627664051384069,
      "coherence_decay_rate": 0.0104573491153549,
      "color": "#888888"
    },
    "JAMES": {
      "first_order_coherence": 0.5827317875270773,
      "second_order_coherence": 0.7738454654409239,
      "determiner_frequency": 0.026636825594834,
      "max_phrase_length": 42,
      "avg_sentence_length": 21.194012441679625,
      "syntactic_complexity": 0.7185868325557283,
      "temporal_coherence": 0.582690226444844,
      "coherence_decay_rate": 0.018140670478753,
      "color": "#888888"
    },
    "HUME": {
      "first_order_coherence": 0.6641230561098156,
      "second_order_coherence": 0.817202440692243,
      "determiner_frequency": 0.0328144425572151,
      "max_phrase_length": 22,
      "avg_sentence_length": 32.55929304446978,
      "syntactic_complexity": 0.7101239072595971,
      "temporal_coherence": 0.6644694401520337,
      "coherence_decay_rate": 0.0082114189979293,
      "color": "#888888"
    },
    "KANT": {
      "first_order_coherence": 0.7189773653301867,
      "second_order_coherence": 0.8368736427461461,
      "determiner_frequency": 0.0325258947998128,
      "max_phrase_length": 13,
      "avg_sentence_length": 36.1494593651901,
      "syntactic_complexity": 0.6859927915358679,
      "temporal_coherence": 0.7190938871677809,
      "coherence_decay_rate": 0.0067734483413523,
      "color": "#FFFFFF"
    },
    "MAIMONIDES": {
      "first_order_coherence": 0.5910635720397824,
      "second_order_coherence": 0.760560879147527,
      "determiner_frequency": 0.0138709228044339,
      "max_phrase_length": 62,
      "avg_sentence_length": 23.166897187644075,
      "syntactic_complexity": 0.904891962501921,
      "temporal_coherence": 0.591044585765441,
      "coherence_decay_rate": 0.0141348210893828,
      "color": "#888888"
    }
  },
  "stats": {
    "highest_coherence": "DESCARTES",
    "highest_coherence_value": 0.7353122478528786,
    "most_complex_syntax": "DESCARTES",
    "most_complex_value": 1.0,
    "highest_determiner_use": "DESCARTES",
    "highest_determiner_value": 0.040257338778026,
    "most_stable": "DESCARTES",
    "most_stable_value": 1.0,
    "highest_second_order": 0.844991503759582
  },
  "timestamp": "2025-06-17T10:38:41.207269"
}