{
  "NIETZSCHE": {
    "coherence_timeline": [
      0.3201896145563301,
      0.41629725330006034,
      0.5167815941611366,
      0.43658963409917745,
      0.47634521922630796,
      0.6108972804326859,
      0.6106034756735197,
      0.6523550497022496,
      0.5056775912354011,
      0.4653426348858512,
      0.574495251528267,
      0.47980677114123005,
      0.45496889859156575,
      0.3433131243548547,
      0.3767130858303637,
      0.5730951490573721,
      0.49294629473434654,
      0.5153662446534035,
      0.48179131092275346,
      0.5051742287732732,
      0.3929320640691514,
      0.34897344681290565,
      0.4820795877299295,
      0.43760650360912773,
      0.46581650164859034,
      0.5057360016977009,
      0.5218805255440145,
      0.45976429693072346,
      0.514326179920247,
      0.4064740716210083,
      0.40775652281899466,
      0.5573059338977251,
      0.41793603923433814,
      0.4107687478282986,
      0.48440941126723946,
      0.45774741520324064,
      0.5097292163715919,
      0.589296643159804,
      0.37900176496423726,
      0.57743939147766,
      0.6732630444990744,
      0.25742285483282956,
      0.5332004544840906,
      0.5109913509469997,
      0.5752221281990426,
      0.43656882369738637,
      0.5031561313419977,
      0.6246976285081559,
      0.43669769504758915,
      0.5434181855794687,
      0.4040749263076713,
      0.5136101635421914,
      0.4784866821652444,
      0.5493699265901625,
      0.29926206389130067,
      0.442426811228723,
      0.4462258305169868,
      0.3775514028283468,
      0.5054052385206419,
      0.36452717950368796
    ],
    "avg_coherence": 0.47685514158163783,
    "volatility": 0.08525507224341451,
    "peak_coherence": 0.6732630444990744,
    "min_coherence": 0.25742285483282956,
    "coherent_segments": 5,
    "trend": -0.00039656119270009105,
    "color": "#00FF00"
  },
  "HUME": {
    "coherence_timeline": [
      0.49238072150072004,
      0.7467445334397811,
      0.42178699778570816,
      0.5559565050978322,
      0.4828900549048749,
      0.7655972950742402,
      0.5957894088676119,
      0.6592783687795376,
      0.5363445982106524,
      0.4835241288123431,
      0.4752566653103986,
      0.5174031856385795,
      0.5699087602407228,
      0.5310183570739412,
      0.603457459764595,
      0.44210386041994254,
      0.5779915075509446,
      0.5585565049432115,
      0.4602577745984725,
      0.6579135424362356,
      0.44240424896682373,
      0.42197130232722974,
      0.4413554695464355,
      0.29977851758113855,
      0.41186727740599594,
      0.38334638944367294,
      0.5360212847100935,
      0.427156227077435,
      0.5988320958656234,
      0.5024464792971992,
      0.3792500793573989,
      0.5493063544799982,
      0.5711015490644263,
      0.5691846401426508,
      0.7334193834774158,
      0.7257591724010782,
      0.6458256535713407,
      0.6006013232183463,
      0.4339902478842142,
      0.43842674738560033,
      0.5944198468150453,
      0.5052423638692825,
      0.5491926668828518,
      0.39521585306384277,
      0.5047459129590273,
      0.45099538316987997,
      0.6683508140690761,
      0.5177859310352134,
      0.49971503154864666,
      0.4003635622688064,
      0.5263574491557905,
      0.5918555219719056,
      0.6184393354420394,
      0.3767839080201148,
      0.49368252034769144,
      0.5942432918316439,
      0.33075185511285593,
      0.49531247707937553,
      0.512141271131406,
      0.49198444634535177
    ],
    "avg_coherence": 0.5227297352629051,
    "volatility": 0.10041841539143065,
    "peak_coherence": 0.7655972950742402,
    "min_coherence": 0.29977851758113855,
    "coherent_segments": 11,
    "trend": -0.00088540903427136,
    "color": "#00FF00"
  },
  "KANT": {
    "coherence_timeline": [
      0.4045088914553018,
      0.3335267089907538,
      0.5393566261387743,
      0.5514449644974565,
      0.48554591421132826,
      0.6285118141697691,
      0.575768567045609,
      0.5466015161865486,
      0.5662368332943286,
      0.5867096586332358,
      0.3570489316351328,
      0.6245100825891844,
      0.5884489000786467,
      0.4677151564401478,
      0.6495057276436225,
      0.42265557601607084,
      0.6043328548274836,
      0.7435128628494492,
      0.3604627408562245,
      0.49327901473851465,
      0.4705799011548206,
      0.38654747243239984,
      0.4811547277337503,
      0.43904258514833533,
      0.4257112724613217,
      0.4383213051147547,
      0.38784599493819316,
      0.6285303944880726,
      0.551586376073023,
      0.6159688340891251,
      0.6287705460068264,
      0.8404012210176833,
      0.5083893952955914,
      0.5806583397697554,
      0.42652121395711545,
      0.49187811972665135,
      0.3755838063884723,
      0.33130755097619147,
      0.5804563421511519,
      0.47293249601519205,
      0.5957122388254925,
      0.5002614021800832,
      0.4954279767734723,
      0.3451038822504574,
      0.5090443613086195,
      0.5967876678458982,
      0.6409348095997746,
      0.5889601776180469,
      0.4304034284679529,
      0.4727141396347782,
      0.43148033808962366,
      0.4942957422530582,
      0.49788611311212255,
      0.5027722579521833,
      0.4825514289016992,
      0.6261411058305882,
      0.40941957735421447,
      0.3736076560069325,
      0.47215804989518095,
      0.527176216958603
    ],
    "avg_coherence": 0.5097451634682465,
    "volatility": 0.1020886357952782,
    "peak_coherence": 0.8404012210176833,
    "min_coherence": 0.33130755097619147,
    "coherent_segments": 11,
    "trend": -0.0004987250622206047,
    "color": "#00FF00"
  }
}